FileName,Action
image1.jpg,5
image2.jpg,5
image3.jpg,5
image4.jpg,5
image5.jpg,5
image6.jpg,5
image7.jpg,4
image8.jpg,4
image9.jpg,4
image10.jpg,4
image11.jpg,4
image12.jpg,5
image13.jpg,5
image14.jpg,5
image15.jpg,5
image16.jpg,5
image17.jpg,5
image18.jpg,5
image19.jpg,5
image20.jpg,5
image21.jpg,5
image22.jpg,4
image23.jpg,4
image24.jpg,4
image25.jpg,4
image26.jpg,3
image27.jpg,3
image28.jpg,3
image29.jpg,3
image30.jpg,3
image31.jpg,3
image32.jpg,4
image33.jpg,4
image34.jpg,4
image35.jpg,4
image36.jpg,4
image37.jpg,4
image38.jpg,4
image39.jpg,4
image40.jpg,4
image41.jpg,4
image42.jpg,4
image43.jpg,4
image44.jpg,2
image45.jpg,2
image46.jpg,2
image47.jpg,2
image48.jpg,2
image49.jpg,4
image50.jpg,4
image51.jpg,4
image52.jpg,4
image53.jpg,4
image54.jpg,4
image55.jpg,4
image56.jpg,4
image57.jpg,4
image58.jpg,4
image59.jpg,4
image60.jpg,4
image61.jpg,4
image62.jpg,4
image63.jpg,4
image64.jpg,4
image65.jpg,4
image66.jpg,4
image67.jpg,4
image68.jpg,4
image69.jpg,4
image70.jpg,4
image71.jpg,4
image72.jpg,4
image73.jpg,4
image74.jpg,3
image75.jpg,3
image76.jpg,3
image77.jpg,3
image78.jpg,3
image79.jpg,4
image80.jpg,4
image81.jpg,4
image82.jpg,4
image83.jpg,4
image84.jpg,4
image85.jpg,4
image86.jpg,2
image87.jpg,2
image88.jpg,2
image89.jpg,2
image90.jpg,2
image91.jpg,2
image92.jpg,2
image93.jpg,2
image94.jpg,2
image95.jpg,4
image96.jpg,4
image97.jpg,4
image98.jpg,4
image99.jpg,4
image100.jpg,4
image101.jpg,4
image102.jpg,4
image103.jpg,4
image104.jpg,4
image105.jpg,4
image106.jpg,4
image107.jpg,4
image108.jpg,4
image109.jpg,4
image110.jpg,4
image111.jpg,4
image112.jpg,4
image113.jpg,4
image114.jpg,4
image115.jpg,4
image116.jpg,4
image117.jpg,4
image118.jpg,4
image119.jpg,4
image120.jpg,4
image121.jpg,4
image122.jpg,4
image123.jpg,4
image124.jpg,4
image125.jpg,4
image126.jpg,4
image127.jpg,4
image128.jpg,4
image129.jpg,4
image130.jpg,4
image131.jpg,4
image132.jpg,4
image133.jpg,4
image134.jpg,4
image135.jpg,4
image136.jpg,4
image137.jpg,4
image138.jpg,4
image139.jpg,4
image140.jpg,4
image141.jpg,4
image142.jpg,4
image143.jpg,4
image144.jpg,4
image145.jpg,4
image146.jpg,4
image147.jpg,4
image148.jpg,4
image149.jpg,4
image150.jpg,4
image151.jpg,4
image152.jpg,4
image153.jpg,4
image154.jpg,4
image155.jpg,4
image156.jpg,4
image157.jpg,4
image158.jpg,4
image159.jpg,4
image160.jpg,4
image161.jpg,4
image162.jpg,4
image163.jpg,4
image164.jpg,4
image165.jpg,4
image166.jpg,4
image167.jpg,4
image168.jpg,4
image169.jpg,4
image170.jpg,4
image171.jpg,4
image172.jpg,4
image173.jpg,4
image174.jpg,4
image175.jpg,4
image176.jpg,4
image177.jpg,4
image178.jpg,4
image179.jpg,4
image180.jpg,4
image181.jpg,4
image182.jpg,4
image183.jpg,4
image184.jpg,4
image185.jpg,4
image186.jpg,4
image187.jpg,4
image188.jpg,4
image189.jpg,4
image190.jpg,4
image191.jpg,4
image192.jpg,4
image193.jpg,4
image194.jpg,4
image195.jpg,4
image196.jpg,4
image197.jpg,4
image198.jpg,4
image199.jpg,4
image200.jpg,4
image201.jpg,4
image202.jpg,4
image203.jpg,4
image204.jpg,4
image205.jpg,4
image206.jpg,4
image207.jpg,4
image208.jpg,4
image209.jpg,3
image210.jpg,3
image211.jpg,3
image212.jpg,3
image213.jpg,4
image214.jpg,4
image215.jpg,4
image216.jpg,4
image217.jpg,4
image218.jpg,4
image219.jpg,4
image220.jpg,4
image221.jpg,4
image222.jpg,4
image223.jpg,4
image224.jpg,4
image225.jpg,4
image226.jpg,4
image227.jpg,4
image228.jpg,4
image229.jpg,4
image230.jpg,4
image231.jpg,4
image232.jpg,4
image233.jpg,4
image234.jpg,4
image235.jpg,4
image236.jpg,4
image237.jpg,4
image238.jpg,4
image239.jpg,4
image240.jpg,5
image241.jpg,5
image242.jpg,5
image243.jpg,5
image244.jpg,5
image245.jpg,5
image246.jpg,5
image247.jpg,5
image248.jpg,5
image249.jpg,4
image250.jpg,4
image251.jpg,4
image252.jpg,4
image253.jpg,4
image254.jpg,4
image255.jpg,4
image256.jpg,4
image257.jpg,4
image258.jpg,4
image259.jpg,4
image260.jpg,4
image261.jpg,4
image262.jpg,4
image263.jpg,4
image264.jpg,4
image265.jpg,4
image266.jpg,4
image267.jpg,4
image268.jpg,4
image269.jpg,4
image270.jpg,4
image271.jpg,4
image272.jpg,4
image273.jpg,4
image274.jpg,4
image275.jpg,4
image276.jpg,4
image277.jpg,4
image278.jpg,4
image279.jpg,4
image280.jpg,4
image281.jpg,4
image282.jpg,4
image283.jpg,4
image284.jpg,4
image285.jpg,4
image286.jpg,4
image287.jpg,4
image288.jpg,4
image289.jpg,4
image290.jpg,4
image291.jpg,4
image292.jpg,4
image293.jpg,4
image294.jpg,4
image295.jpg,4
image296.jpg,4
image297.jpg,4
image298.jpg,4
image299.jpg,4
image300.jpg,4
image301.jpg,4
image302.jpg,4
image303.jpg,4
image304.jpg,4
image305.jpg,4
image306.jpg,4
image307.jpg,4
image308.jpg,4
image309.jpg,4
image310.jpg,4
image311.jpg,4
image312.jpg,4
image313.jpg,4
image314.jpg,4
image315.jpg,4
image316.jpg,4
image317.jpg,4
image318.jpg,4
image319.jpg,4
image320.jpg,4
image321.jpg,4
image322.jpg,4
image323.jpg,4
image324.jpg,4
image325.jpg,4
image326.jpg,4
image327.jpg,4
image328.jpg,4
image329.jpg,4
image330.jpg,4
image331.jpg,4
image332.jpg,4
image333.jpg,4
image334.jpg,4
image335.jpg,4
image336.jpg,4
image337.jpg,4
image338.jpg,4
image339.jpg,4
image340.jpg,4
image341.jpg,4
image342.jpg,4
image343.jpg,4
image344.jpg,4
image345.jpg,4
image346.jpg,4
image347.jpg,4
image348.jpg,4
image349.jpg,4
image350.jpg,4
image351.jpg,4
image352.jpg,4
image353.jpg,4
image354.jpg,4
image355.jpg,4
image356.jpg,4
image357.jpg,4
image358.jpg,4
image359.jpg,4
image360.jpg,4
image361.jpg,4
image362.jpg,4
image363.jpg,4
image364.jpg,4
image365.jpg,4
image366.jpg,4
image367.jpg,4
image368.jpg,4
image369.jpg,4
image370.jpg,4
image371.jpg,4
image372.jpg,4
image373.jpg,4
image374.jpg,4
image375.jpg,4
image376.jpg,4
image377.jpg,4
image378.jpg,4
image379.jpg,4
image380.jpg,4
image381.jpg,4
image382.jpg,4
image383.jpg,4
image384.jpg,4
image385.jpg,4
image386.jpg,4
image387.jpg,4
image388.jpg,4
image389.jpg,4
image390.jpg,4
image391.jpg,4
